<?xml version="1.0" encoding="UTF-8"?>
<addon id="plugin.program.jumplists" version="1.0.0" name="Jumplists" provider-name="Flavien">
  <requires>
    <import addon="xbmc.python" version="2.14.0"/>
    <import addon="script.module.xbmcswift2" version="2.4.0"/>
  </requires>
  <extension point="xbmc.python.pluginsource" library="main.py">
    <provides>executable</provides>
  </extension>
  <extension point="xbmc.addon.metadata">
    <summary lang="en">Display a list of customisable links</summary>
    <description lang="en">Jumplists is a lightweight Kodi add-on that displays a list of customisable links.</description>
    <license>Apache License 2.0</license>
    <language>en</language>
    <source>https://github.com/flavien/plugin.program.jumplists/</source>
    <website>https://github.com/flavien/</website>
    <email>flavien@charlon.net</email>
    <assets>
      <icon>icon.png</icon>
    </assets>
  </extension>
</addon>
