<?xml version="1.0" encoding="UTF-8" standalone="yes"?>
<addon id="repository.flavien" name="Flavien Add-ons" version="1.0.0" provider-name="Flavien">
  <extension point="xbmc.addon.repository" name="Flavien Add-ons">
    <info compressed="false">https://raw.githubusercontent.com/Flavien/flavien.repository/master/addons/addons.xml</info>
    <checksum>https://raw.githubusercontent.com/Flavien/flavien.repository/master/addons/addons.xml.md5</checksum>
    <datadir zip="true">https://github.com/Flavien/flavien.repository/raw/master/addons/</datadir>
  </extension>
  <extension point="xbmc.addon.metadata">
    <summary>Add-on repository</summary>
    <description>Use this repository to install add-ons created by Flavien.</description>
    <source>https://github.com/Flavien/flavien.repository</source>
    <website>https://github.com/flavien/</website>
    <email>flavien@charlon.net</email>
    <platform>all</platform>
  </extension>
</addon>