<?xml version="1.0" encoding="UTF-8" standalone="yes"?>
<addon id="repository.flavien" name="Flavien add-ons" version="1.0.0" provider-name="Flavien">
  <extension point="xbmc.addon.repository" name="Flavien add-ons">
    <info compressed="false">https://raw.githubusercontent.com/Flavien/flavien.repository/master/addons/addons.xml</info>
    <checksum>https://raw.githubusercontent.com/Flavien/flavien.repository/master/addons/addons.xml.md5</checksum>
    <datadir zip="true">https://github.com/Flavien/flavien.repository/raw/master/addons/</datadir>
  </extension>
  <extension point="xbmc.addon.metadata">
    <summary>Flavien add-ons</summary>
    <description>Use this repository to install addons created by Flavien.</description>
    <platform>all</platform>
  </extension>
</addon>